Workbook

Sheet محضــــــــــــر الجلســــــــة
B2: جلسة الملف العلمي | D2: وقت الحضور | E2: النسب | F2: التكليفات | G2: الأسبوع الرابع / رجب - 1447 | H2: الأسبوع الأول / شعبان - 1447 | I2: الأسبوع الثاني / شعبان - 1447 | J2: الأسبوع الثالث / شعبان - 1447 | K2: الأسبوع الرابع / شعبان - 1447 | L2: الأسبوع الأول / رمضان - 1447 | M2: الأسبوع الثاني / رمضان - 1447 | N2: الأسبوع الثالث / رمضان - 1447 | O2: الأسبوع الرابع / رمضان - 1447 | P2: الأسبوع الأول / شوال - 1447 | Q2: الأسبوع الثاني / شوال - 1447 | R2: الأسبوع الثالث / شوال - 1447 | S2: الأسبوع الرابع / شوال - 1447 | T2: الأسبوع الخامس / شوال - 1447 | U2: الأسبوع الأول / ذو القعدة - 1447 | V2: الأسبوع الثاني / ذو القعدة - 1447 | W2: الأسبوع الثالث / ذو القعدة - 1447 | X2: الأسبوع الرابع / ذو القعدة - 1447 | Y2: الأسبوع الأول / ذو الحجة - 1447 | Z2: الأسبوع الثاني / ذو الحجة - 1447 | AA2: الأسبوع الثالث / ذو الحجة - 1447 | AB2: الأسبوع الرابع / ذو الحجة - 1447 | AC2: الأسبوع الأول / محرم - 1448 | AD2: الأسبوع الثاني / محرم - 1448 | AE2: الأسبوع الثالث / محرم - 1448 | AF2: الأسبوع الرابع / محرم - 1448 | AG2: الأسبوع الأول / صفر - 1448 | AH2: الأسبوع الثاني / صفر - 1448 | AI2: الأسبوع الثالث / صفر - 1448 | AJ2: الأسبوع الرابع / صفر - 1448 | AK2: الأسبوع الأول / ربيع الأول - 1448 | AL2: الأسبوع الثاني / ربيع الأول - 1448 | AM2: الأسبوع الثالث / ربيع الأول - 1448 | AN2: الأسبوع الرابع / ربيع الأول - 1448 | AO2: الأسبوع الخامس / ربيع الأول - 1448 | AP2: الأسبوع الأول / ربيع الثاني - 1448 | AQ2: الأسبوع الثاني / ربيع الثاني - 1448 | AR2: الأسبوع الثالث / ربيع الثاني - 1448 | AS2: الأسبوع الرابع / ربيع الثاني - 1448 | AT2: الأسبوع الأول / جمادى الأولى - 1448 | AU2: الأسبوع الثاني / جمادى الأولى - 1448 | AV2: الأسبوع الثالث / جمادى الأولى - 1448 | AW2: الأسبوع الرابع / جمادى الأولى - 1448 | AX2: الأسبوع الأول / جمادى الثانية - 1448 | AY2: الأسبوع الثاني / جمادى الثانية - 1448 | AZ2: الأسبوع الثالث / جمادى الثانية - 1448 | BA2: الأسبوع الرابع / جمادى الثانية - 1448 | BB2: الأسبوع الأول / رجب - 1448 | BC2: الأسبوع الثاني / رجب - 1448 | BD2: الأسبوع الثالث / رجب - 1448 | BE2: الأسبوع الرابع / رجب - 1448 | BF2: الأسبوع الخامس / رجب - 1448 | BG2: الأسبوع الأول / شعبان - 1448
B3: إتمام الجلسة >> | E3: =IFERROR(COUNTIF(G3:BG3,"تمت")/COUNTA(G3:BG3)," ") | G3: تمت | H3: تمت | I3: تمت | J3: تمت | K3: تمت | Q3: 0.875 | S3: تمت | T3: تمت | U3: تمت | V3: تمت | W3: تمت | X3: تمت | Y3: تمت | AA3: تمت | AB3: تمت
B4: مسئول | C4: محمد إيهاب | D4: =IFERROR(AVERAGE(G4:BG4),"") | E4: =IFERROR(1-COUNTIF(G4:BG4,"غاب")/COUNTA(G4:BG4)," ") | F4: =تكلــــــيفــــــــــات!I3 | G4: غاب | H4: غاب | I4: 0.875 | J4: 0.875 | K4: 0.875 | Q4: 0.875 | S4: 0.875 | T4: 0.875 | U4: 0.875 | V4: 0.875 | W4: 0.875 | X4: 0.875 | Y4: 0.875 | AA4: 0.875 | AB4: 0.875
B5: نائب | C5: أحمد حمادة | D5: =IFERROR(AVERAGE(G5:BG5),"") | E5: =IFERROR(1-COUNTIF(G5:BG5,"غاب")/COUNTA(G5:BG5)," ") | F5: =تكلــــــيفــــــــــات!I4 | G5: غاب | H5: غاب | I5: غاب | J5: غاب | K5: غاب | Q5: 0.875 | S5: 0.875 | T5: 0.875 | U5: 0.875 | V5: غاب | W5: 0.875 | X5: 0.875 | Y5: 0.875 | AA5: غاب | AB5: 0.89583333
B6: سكرتير | C6: آدم | D6: =IFERROR(AVERAGE(G6:BG6),"") | E6: =IFERROR(1-COUNTIF(G6:BG6,"غاب")/COUNTA(G6:BG6)," ") | F6: =تكلــــــيفــــــــــات!I5 | G6: غاب | H6: 0.875 | I6: حضر | J6: غاب | K6: غاب | Q6: 0.875 | S6: 0.875 | T6: غاب | U6: 0.875 | V6: غاب | W6: غاب | X6: غاب | Y6: 0.91666667 | AA6: 0.89583333 | AB6: غاب
B7: عضو | C7: سعيد ربيع | D7: =IFERROR(AVERAGE(G7:BG7),"") | E7: =IFERROR(1-COUNTIF(G7:BG7,"غاب")/COUNTA(G7:BG7)," ") | F7: =تكلــــــيفــــــــــات!I6 | G7: غاب | H7: 0.875 | I7: غاب | J7: غاب | K7: غاب | Q7: غاب | S7: غاب | T7: غاب | U7: غاب | V7: غاب | W7: غاب | X7: 0.89583333 | Y7: 0.91666667 | AA7: 0.89583333 | AB7: غاب
B8: عضو | C8: أحمد طاهر | D8: =IFERROR(AVERAGE(G8:BG8),"") | E8: =IFERROR(1-COUNTIF(G8:BG8,"غاب")/COUNTA(G8:BG8)," ") | F8: =تكلــــــيفــــــــــات!I7 | G8: 0.875 | H8: 0.875 | I8: 0.875 | J8: 0.875 | K8: 0.875 | Q8: 0.875 | S8: 0.875 | T8: 0.875 | U8: 0.875 | V8: 0.875 | W8: 0.875 | X8: 0.875 | Y8: 0.875 | AA8: 0.875 | AB8: 0.89583333
B9: عضو | C9: محمد محي | D9: =IFERROR(AVERAGE(G9:BG9),"") | E9: =IFERROR(1-COUNTIF(G9:BG9,"غاب")/COUNTA(G9:BG9)," ") | F9: =تكلــــــيفــــــــــات!I8 | Q9: 0.875 | S9: 0.875 | T9: 0.875 | U9: 0.875 | V9: 0.875 | W9: 0.875 | X9: 0.875 | Y9: 0.875 | AA9: 0.875 | AB9: 0.90625
B10: عضو | C10: يوسف محمد | D10: =IFERROR(AVERAGE(G10:BG10),"") | E10: =IFERROR(1-COUNTIF(G10:BG10,"غاب")/COUNTA(G10:BG10)," ") | F10: =تكلــــــيفــــــــــات!I9 | G10: غاب | H10: غاب | I10: 0.875 | J10: 0.875 | K10: 0.875 | Q10: 0.875 | S10: 0.875 | T10: 0.875 | U10: 0.875 | V10: غاب | W10: 0.875 | X10: غاب | Y10: غاب | AA10: غاب | AB10: غاب
B11: بنود الجلسة | AA11: =IFERROR(AVERAGE(AD11:CD11),"")
B12: الكلمة الإفتتاحية (إيمانية) 10د | I12: تمت | Q12: لم تتم | S12: تمت | T12: تمت | U12: تمت | V12: تمت الي صفحة 41 من كتاب الداء و الدواء | W12: لم تتم | X12: تمت الي صفحة 66 من كتاب الداء والدواء | Y12: تمت الي صفحة 46 من كتاب الداء والدواء | AA12: تمت الي صفحة 48 من كتاب الداء والدواء | AB12: تمت الي صفحة 50 من كتاب الداء والدواء
B13: التفقد العلمي للأعضاء (مذاكرة - حضور) | I13: تمت | Q13: لم يتم | S13: تمت | T13: تمت | U13: تمت | V13: محي لم يحضر الجلسة العلمية لظرف | W13: تمت | X13: محي لم يحضر للعمل محمد ايهاب لم يحضر لمرضه سعيد ربيع لم يحضر لظروف خاصه | Y13: ادم لم يحضر ولم يذاكر سعيد لم يحضر | AA13: اسبوع أجازة العيد | AB13: العلمية: حضر محمد ايهاب و طاهر ومحي القرآن: حضر محمد إيهاب ومحي
B14: تسجيل الإقتراحات 5د | I14: يوم الاثنين تصور ٨ جولات تصور زيارة الحي تم إلى هنا معرض الكتاب ملصقات دعوية تنظيف المساجد التي فيها طلائع تجهيز شنط رمضان | Q14: الزيارات | S14: زيارة حي شرق حي شبرا الخيمة ١٩ ابريل من اعضاء الحزب جميعا | T14: اقتراح إنشاء اللجنة الإعلامية للحزب@محمد محي اقتراح فاعلية توعية (الانتحار-الهشاشة النفسية) @محمد محي | U14: 1. فاعلية للنساء (الثقافة الاسرية) - أحمد حمادة 2. تربح عن طريق دورات وفاعليات - محي | V14: لا يوجد | W14: لا يوجد | X14: صالون الثقافي ( محمد ايهاب ) هيكلة وتفعيل الجنة الإعلامية(محمد ايهاب ) دوري بلاستيشن ( احمد طاهر ) | Y14: كورس انجليزي دورة اكسيل دورة ادارة اعمال (احمد حماده) | AA14: 1- كورسات ودورات تعليمية وتدريبية @محي 2- تثقيف شباب الدعوة السياسي | AB14: ملتقى صيفي في مكان عام (التخطيط للمستقبل والاستعداد لسوق العمل) @ محي مصيف اليوم الواحد@طاهر تفعيل دوري البلايستيشن في باقي القطاعات @أحمد حمادة
B15: متابعة التكليفات 10د | I15: تمت | Q15: لا يوجد | S15: تمت | T15: تمت | U15: تمت | V15: تمت 90% | W15: تمت 67% | X15: تمت 100% | Y15: تمت 100% | AA15: تمت 70% | AB15: تمت 100%
B16: الخطة 10د | I16: تمت | S16: تمت | T16: محمد إيهاب يتواصل مع حسن يوسف للاتفاق على فاعلية الاسعافات الأولية للنساء. وتم مناقشة موضوع الجولات الدعوية. | U16: تم تواصل محمد ايهاب مع حسن يوسف ثم الشيخ محمد صابر لمعرفة آلية تنفيذ هذه الفاعلية وجاري العمل على تنفيذها ---- تم نزول ثلاث جولات | V16: *تجديد نزول الجولات (التواصل مجددا مع القطاعات لنزول الجولات) *فاعلية الاسعافات الأولية للنساء *ارسال تقريرعن تفعيل اللجنة الإعلامية | W16: *تجديد نزول الجولات (التواصل مجددا مع القطاعات لنزول الجولات) *فاعلية الاسعافات الأولية للنساء | X16: *تجديد نزول الجولات *فاعلية الاسعافات الأولية للنساء | Y16: *تنفيذ 6 جولات للقطاعات -تم عمل جولة من قطاع بهتيم عن فضل عشر ذي الحجة قام بها محمد محي واحمد السيد ومحمد مصطفي -قطاع الوحدة لم يتم نزول الجولة ويتم التجديد التكليف علي @سعيد ربيع -قطاع مسطرد سيتم نزول الجولة قبل العيد -قطاع بيجام لم يتم نزول الجولات وتكليف علي @محمد ايهاب لتصعيد واقعها للشيخ مجدي السيد -قطاع الشابوري سيتم نزول جولة قبل العيد وسيتم متابعه @محمدايهاب ليهم *زيارة تهنئة لعيد الاضحي زيارة لمستشفي الناس اول يوم عيد الاضحي بعد صلاة العصر -سعيد ربيع ترتيب اظرف العيدية *توزيع هدايا في صلاة العيد بدون اسم الحزب -توزيع الهدايا @محمد ايهاب واحمد حمادة وادم | AA16: 1- تنفيذ 5 جولات للقطاعات تم عمل جولة واحده فقط حتى الآن من قطاع بهتيم عن فضل عشر ذي الحجة .. قام بها محمد محي واحمد السيد ومحمد مصطفي باقي القطاعات لم تتم 2- *زيارة تهنئة لعيد الاضحي : زيارة لمستشفي الناس اول يوم عيد الاضحي بعد صلاة العصر (لم تتم لظروف بعض الإخوة) تم تأجيلها الي الاسبوع الاخير من شهر ذي الحجه لمستشفي ناصر قسم الاطفال 3- *توزيع هدايا في صلاة العيد بدون اسم الحزب (ادم و أحمد حمادة) 4- عمل مراجعات نهائية للشهادة الإعدادية ( غير قابلة للتطبيق ) 5-عمل مراجعات نهائية اون لاين للشهادة الإعدادية ( غير قابلة للتطبيق ) | AB16: 1- عمل دورة اليوم الواحد عن العمل السياسي (صالون ثقافي لعموم الشباب): انحدار الأخلاق (الأسري والمجتمعي وتأثير السوشيال ميديا على القيم والثوابت - تحرك الحزب لوضع قانون الأحوال الشخصية - تحرك الحزب الدائم لإنكار المنكر والدعوة للعودة للقيم والخلاق الاسلامية) المحاضر: د\ أحمد حمدي او د احمد حمدي تكليف بالتواصل مع د أحمد حمدي لمعرفة إمكانية إحضار د أحمد حمدي بديل دكتور أحمد حمدي (أحمد الشحات - أحمد خليل خير الله) عمل مراجعات نهائية للثانوية العامة والازهرية (غير قابل للتطبيق) عمل مراجعات نهائية اون لاين للثانوية العامة والازهرية (غير قابل للتطبيق) عمل زيارة رسمية (تهنئة بالعام الهجري الجديد) > المكتبة (الأحد 21 يونيو): آدم يجيب اسم مدير مكتبة شبرا في مسطرد ويعرف المعاد المناسب درع وشوكلاتة (محي) تنفيذ 5 جولات ميدانية شهريا ( جولة بكل قطاع ) - رفع واقع الجولات للفنيين @محمد إيهاب
B17: متابعة شغل الأرض 10د | I17: تمت | S17: تمت | T17: تمت الجولة الدعوية لقطاعي بهتيم ومسطرد: 1-تم تكليف يوسف محمد بالتواصل مع لجنة الشباب لحصر أسماء الشباب المستهدف لنزول الجولات من كل قطاع وسوف يتم عمل فاعلية لشرح أهمية الجولات الدعوية (الشيخ مجدي) 2-تمت جلسة بين محمد إيهاب وأدهم محمد و رضا صلاح (قطاع بهتيم) وتم الاتفاق على القيام بجولة دعوية يوم الاثنين بعد صلاة العشاء (20 ابريل) | U17: 1-تم نزول ثلاث جولات 2-زيارة رسمية لحي شرق | V17: لا يوجد | W17: ترتيب فاعلية حياة تستحق | X17: تمت فاعلية حياة تستحق | Y17: تم جولة في قطاع بهتيم وتشغيل اللجنة الاعلامية | AA17: لايوجد
AA18: =IFERROR(AVERAGE(AD18:CD18),"")
B19: جولات | D19: بيجام | I19: تجديد يوم الاربعاء القادم | S19: لم تتم | T19: لم تتم | U19: لم تتم | Y19: لم يتم نزول الجولات وتكليف علي @محمد ايهاب لتصعيد واقعها للشيخ مجدي السيد | AA19: لم يتم نزول الجولات وتكليف علي @محمد ايهاب لتصعيد واقعها للشيخ مجدي السيد
D20: الشابوري | I20: تجديد يوم الاربعاء القادم | S20: لم تتم | T20: لم تتم | U20: تم | X20: لم تتم | Y20: سيتم نزول جولة قبل العيد وسيتم متابعه @محمدايهاب ليهم | AA20: لم يتم نزول الجولات وتكليف علي @محمد ايهاب لتصعيد واقعها للشيخ مجدي السيد
D21: الوحدة | I21: تجديد يوم الثلاثاء القادم | S21: لم تتم | T21: لم تتم | U21: تم | X21: لم تتم | Y21: لم يتم نزول الجولة ويتم التجديد التكليف علي @سعيد ربيع | AA21: لم يتم نزول الجولات وتكليف علي @محمد ايهاب لتصعيد واقعها للشيخ مجدي السيد
D22: بهتيم | I22: تجديد | S22: لم تتم | T22: تمت | U22: تم | X22: لم تتم | Y22: تم عمل جولة من قطاع بهتيم عن فضل عشر ذي الحجة قام بها محمد محي واحمد السيد ومحمد مصطفي | AA22: تم عمل جولة من قطاع بهتيم عن فضل عشر ذي الحجة قام بها محمد محي واحمد السيد ومحمد مصطفي
D23: مسطرد | I23: تجديد | S23: لم تتم | T23: تمت | U23: لم تتم | X23: لم تتم | Y23: سيتم نزول الجولة قبل العيد | AA23: لم يتم نزول الجولات وتكليف علي @محمد ايهاب لتصعيد واقعها للشيخ مجدي السيد
B24: أنشطة مجتمعية (زيارات - دورات- مراجعة نهائية - قوافل طبية - معارض) | U24: تم زيارة للحي | X24: تم فاعلية حياة تستحق ورفع تقريرها | Y24: زيارة لمستشفي الناس اول يوم عيد الاضحي بعد صلاة العصر -سعيد ربيع ترتيب اظرف العيدية @ادم يعمل كروت العيدية للأطفال | AA24: لم تتم زيارة مستشفى الناس كما كان مقرر لها نظرا لظروف بعض الإخوة في العيد تم تأجيلها للأسبوع الاخير من شهر ذي الحجه تم عمل فاعلية البلايستيشن وحضر خمس شباب من خارج الدعوة - منهم ثلاثة حضروا دروس ينابيع : 1- إسلام شعبان 2- محمد عصام 3- مصطفى صبحي
AA25: =IFERROR(AVERAGE(AD25:CD25),"")
AA26: =IFERROR(AVERAGE(AD26:CD26),"")
AA27: =IFERROR(AVERAGE(AD27:CD27),"")
B28: مناقشة الإقتراحات القديمة 10د | I28: لا يوجد | S28: الجولات لم تتم | T28: 1- فاعلية الجولات: تم التواصل مع الشيخ مجدي وهو مستعد للفاعلية وينتظر رد منا بموعدها وتجهيز الشباب المستهدف للنزول 2- تم تكليف يوسف محمد بجمع أسماء الشباب المستهدف للنزول من مسؤول لجنة الشباب 3- تم الاتفاق والتجهيز لزيارة الحي وتمت طباعة درع التكريم وسيتم شراء علبة شوكولاتة كهدية لرئيس الحي. تم تحديد الاثنين 20 ابريل كموعد للزيارة يشترك فيها جميع أعضاء اللجنة. | U28: مناقشة تنسيق فاعلية "الهشاشة النفسية والانتحار" 1- تفاصيل الفاعلية الموضوع: الهشاشة النفسية والانتحار. الموعد المقرر: يوم الجمعة الموافق 8 مايو. المُحاضر: دكتور/ عمرو الزواوي. 2- مكان الإنعقاد (الخطة أ) الموقع: قاعة المدينة السكنية - مساكن اسكو. التحديد: القاعة الخاصة بمسجد المدينة السكنية. 3- الإجراءات الإدارية والتنسيقية التواصل الأمني: سيتم التواصل مع الشيخ أسامة عرفة للتنسيق ومعرفة موقف الأمن بشأن إقامة الفاعلية في القاعة المحددة. 4- الخطة البديلة (الخطة ب) في حال عدم الحصول على الموافقة الأمنية للمكان الأول، تقرر نقل الفاعلية لتقام داخل الدار ببهتيم. | V28: 1 فاعلية الهشاشة النفسية *متوقفة علي رد الشيخ اسامه | W28: تنظيم فاعلية محاضرة "الهشاشة النفسية" *أولًا: تنظيم الحضور - الشباب الجديد داخل القاعة - الشباب القديم في الطرقة والغرفة الأخرى --- * ثانيًا: التجهيزات - 4 باكيت عصير أصلان - 100 قطعة باتيه ترتيب الكراسي والنظافة (الحضور بعد الصلاة من المنظمين (يوسف - طاهر - آدم - سعيد) --- * ثالثًا: المسؤوليات - يوسف: مشرف التنظيم - مشرفين الفاعلية والتنظيم: (ادم - سعيد – طاهر – محمد إيهاب) - محيي: مسؤول مرافقة الشيخ المحاضر - أحمد حمادة: تقديم الشيخ للحضور. - محمد محيي: التصوير والتوثيق + طباعة 75 ورقة تقييم - طاهر وآدم: توزيع الضيافة --- * رابعًا: النشر والدعوة - مشاركة البوستات واجب على كل أعضاء اللجنة على مدار اليومن القادمين. --- * خامسًا: التأكيد على الحضور - إرسال رسالة تأكيد يوم الجمعة قبل الصلاة - أو مكالمة بعد الصلاة مباشرة لكل من أكد الحضور. --- * سادسًا: المتابعة بعد الفاعلية - توزيع أوراق التقييم (75 نسخة) - متابعة الحضور والتواصل معهم بعد الفاعلية | X28: *الجولات الدعوية - تخصيص 3 افراد من كل قطاع لنزول جولة في اول ايام ذي الحجه -تواصل مع قطاع الشابوري @سعيد ربيع - تواصل مع قطاع بيجام @محمد محي - تواصل مع قطاع الشابوري ومسطرد محمد ايهاب - تواصل مع قطاع بهتيم @احمد طاهر - اخر ميعاد للنزول يوم الأربع - الكلمة عن يوم عرفة وفضل عشر ذي الحجه * فاعلية الأسعافات الأولية - التواصل مع ممرضة لألقاء الفاعلية @أحمد طاهر -تحديد مواضيع الفاعلية @محمد محي -التواصل مع حسن يوسف لتحدي المعاد @محمد ايهاب | Y28: لا يوجد مقترحات قديمة | AA28: لا يوجد مقترحات قديمة | AB28: 1- كورسات ودورات تعليمية وتدريبية @محي: تم الاتفاق مع مدرس اللغة الإنجليزية عى موعد المحاضرات على أن تكون يوم الأربعاء من كل اسبوع الساعة الثامنةمساء (بداية من الأربعاء 24 يونيو) المستهدف: الشباب المحاضر: استاذ علاء أبو الدهب المحتوى: تأسيس في اللغة الإنجليزية 1- عمل بوستر للكورس @محي 2- آلية الحشد: أ- حشد مجموعات الشباب ب- إعلان ممول ج- عمل فورم @محمد إيهاب ------------------------------------------------------------ 2- تثقيف شباب الدعوة السياسي
B29: مناقشة الإقتراحات الجديدة 10د | I29: تصور ٨ جولات شهر شعبان فتم عمل جروب مع القطاعات وتحديد مواعدهم تصور زيارة الحي شرق وغرب ومجلس المدينة ونقابة المحامين هتكون الاثنين اللي بعد اللي جاي معه الشيخ أسامة ومحمود خير الله الساعة ١١ صباحا | S29: الزيارة ١٩ ابريل حي شرق شبرا الخيمة احمد حمادة الدرع ويوسف محمد علبة الشيكولاته ٢. انشاء فاعلية لكل العاملين في القطاعات لمن ينزل الجولات. تكليف محمد ايهاب يكلم ش مجدي لعمل فاعلية الجولات. واحمد طاهر يتواصل مع مسطرد وبهتيم لابلاغهم من سينزل الجولات العدد والاسماء ١٠ من القطاع ومحمد محيي بيجام. وادم المرسي الشابوري. ويوسف الوحدة | T29: 1. مشروع اللجنة الإعلامية للحزب تم اعتماد إنشاء اللجنة الإعلامية وتحديد مهامها وهيكلها التنظيمي لتعزيز الحضور الرقمي للحزب وإدارة صورته الذهنية. الهيكل الإداري والفني: مسؤول اللجنة: أ/ محمد محي. فريق التصميم (Designers): (محمد محي - أمجد أشرف). فريق المونتاج (Video Editors): (عبد الرحمن أسامة - حسين إبراهيم). المنصات المستهدفة بالإدارة: صفحة الحزب الرسمية: وتختص بنشر أخبار الحزب والمجلس، الفعاليات الميدانية، التواصل المجتمعي، بالإضافة إلى وحدة الرد الرقمي (تفنيد الشائعات وتصحيح المعلومات المغلوطة). صفحات الأكاديميات (عدد 2): وتختص بنشر المحتوى التثقيفي، المعلومات العلمية، والمحتوى الديني. 2. فعالية التوعية (الهشاشة النفسية والانتحار) بناءً على التنسيقات الجارية، تم إقرار تفاصيل الندوة التوعوية وفق المعطيات التالية: التنسيق: الموقف الأمني: تم التواصل مع الشيخ أسامة عرفة، وأفاد بالموافقة على إقامة الفعالية في الموقع المختار. المحاضر: سيتم التواصل مع الشيخ عمرو الزواوي لتقديم المادة العلمية والشرعية للفعالية. المقر: قاعة مناسبات مساكن إسكو (مسجد المدينة السكنية) - جارٍ إبلاغ صاحب القاعة بالتفاصيل النهائية. التوقيت الزمني: اليوم: الجمعة. التاريخ: 1 مايو (بمناسبة إجازة عيد العمال). | U29: 1. فاعلية للنساء (الثقافة الاسرية) - أحمد حمادة 2. تربح عن طريق دورات وفاعليات - محي * نفكر نستغل الناس اللي عندها مهارات في بعض المجالات ونعمل ليهم دعايا وتكون بأجر رمزي - موافين ولكن بدون أجر | X29: *تنسيق وتفعيل اللجنة الإعلامية: أولاً: الهيكل التنظيمي والمهام الواضحة 1. المستشار الفني (صمام الأمان): مراجعة المحتوى من الناحية الشرعية، السياسية، والأمنية. التأكد من مطابقة المنشورات لمبادئ حزب النور وتوجهاته الرسمية. تقدير المصالح والمفاسد في النشر (هل التوقيت مناسب؟ هل يخدم الحزب أم يفتح باباً للأزمات؟). 2. مسؤول الصفحة والنشر (الدينامو): صياغة النصوص وتجهيز "المسودات". التنسيق الإجباري مع المستشار الفني (لا نشر بدون موافقة). جدولة المنشورات، الرد على الرسائل والتعليقات بوعي، ومتابعة تفاعل الجمهور. 3. مصمم الجرافيك (الهوية البصرية): تحويل الأفكار والنصوص المعتمدة إلى تصاميم بصرية (صور، إنفوجرافيك، شعارات). توحيد الهوية البصرية لصفحة الحزب بشبرا الخيمة (ألوان ثابتة، خطوط واضحة، لوجو الحزب). ثانياً: دورة حياة المنشور (آلية العمل اليومية) لضمان عدم حدوث أي خطأ أمني أو فكري، يسير العمل وفق الخطوات المتتالية التالية: [مسؤول الصفحة: يكتب المسودة] ◄ [المستشار الفني: يراجع ويدقق] ◄ [المصمم: يصمم الصورة] ◄ [المسؤول: ينشر ويتابع] الرصد والطلب: يقوم مسؤول الصفحة برصد خبر أو فكرة (أو يتلقى طلباً من لجنة أخرى). الاستشارة الإلزامية (الضوء الأخضر): يُعرض النص على المستشار الفني عبر جروب "واتساب" مغلق مخصص للتنفيذ. يقوم الفني بـ: التأكد من صحة ودقة المعلومات. تقدير الموقف الأمني والسياسي للمنشور. التعديل أو الحذف أو الموافقة. التصميم: بعد موافقة الفني، يُحيل مسؤول الصفحة النص إلى المصمم مع تحديد الفكرة المطلوبة (مثلاً: صورة اقتباس، بوستر لفعالية). المراجعة النهائية والنشر: يرى المستشار الفني التصميم النهائي مع النص، فإذا تم اعتماده، يقوم مسؤول الصفحة بنشره فوراً أو جدولته. ثالثاً: مصادر تلقي الأخبار والمحتوى لضمان دقة الأخبار وعدم الوقوع في فخ "الشائعات" أو النقل عن منصات معادية، تحدد المصادر كالآتي: المصادر الرسمية للحزب: البيانات الصادرة عن الصفحة الرسمية لحزب النور (المركزية)، موقع الفتح، وتصريحات قيادات الحزب المعتمدة. المصادر الميدانية الداخلية: تقارير ومخرجات أمانة الحزب بشبرا الخيمة، واللجان النوعية التابعة لها (صور الفعاليات، القرارات الداخلية). المصادر الرسمية للدولة: البيانات الصادرة عن الوزارات، المحافظة، ومجلس المدينة (خاصة الأخبار الخدمية التي تهم المواطن في شبرا الخيمة مثل: خطط التطوير، انقطاع المياه، القوافل الطبية). رابعاً: آلية خدمة اللجان الأخرى بالحزب اللجنة الإعلامية هي "المرآة" التي تظهر مجهود باقي اللجان. يتم التعامل مع اللجان الأخرى (الشباب، العلمية، الطلائع، الاجتماعية) كالتالي: نظام "طلب التغطية الإعلامية": تقوم أي لجنة (كالشباب مثلاً) بإبلاغ مسؤول الصفحة قبل فعاليتها بـ 48 ساعة على الأقل بتقرير مكتوب يشمل (عنوان الفعالية، الأهداف، التوقيت، والمستهدفين). اللجنة العلمية: يتم التعاون معها لإنتاج محتوى دوري (فتاوى ميسرة، تأصيل شرعي لمواقف معينة، نصائح تربوية) يقوم بصياغتها اللجنة العلمية، ويراجعها المستشار الفني إعلامياً، ويصممها المصمم. لجنة الطلائع والشباب: إبراز أنشطتهم (مسابقات، دوريات رياضية، رحلات) لجذب هذه الفئات لصفحة الحزب، مع التركيز على الرسائل الإيجابية والبعد عن أي مظاهر قد تُفهم بشكل خاطئ. لجنة الخدمات واللجنة الاجتماعية: نشر قوافل الخير، صكوك الإطعام، أو جهود نواب الحزب (إن وجدوا) في حل مشاكل شبرا الخيمة لتعزيز التواجد الشعبي. خامساً: الاجتماع الدوري (كل أسبوعين) يُعقد اجتماع نصف شهري (يمكن أن يكون حضورياً أو عبر تطبيق Zoom/Google Meet) وأجندته ثابتة: تقييم الأداء الأسبوعي: مراجعة إحصائيات الصفحة (تفاعل الجمهور، المنشورات الأكثر نجاحاً، والردود على الرسائل). مراجعة الأخطاء: مناقشة أي منشور أثار جدلاً أو تضمن صياغة غير دقيقة لتفاديها مستقبلاً. وضع "الخطة النصف شهرية القادمة": تحديد الموضوعات الرئيسية التي سيتم التركيز عليها (مثلاً: حملة عن الأخلاق، تغطية امتحانات الطلاب، مواكبة مناسبة إسلامية معينة). استضافة ممثل عن لجنة أخرى: يُدعى للاجتماع (في نصفه الثاني) رئيس لجنة أخرى (كالطلائع مثلاً) للتنسيق لخطتهم الإعلامية القادمة. - | Y29: كورس انجليزي @أحمد حمادة دورة اكسيل @أحمد حمادة دورة ادارة اعمال @أحمد حمادة صالون الثقافي @ محمد ايهاب هيكلة وتفعيل اللجنة الإعلامية @محمد ايهاب دوري بلاستيشن @ احمد طاهر تفاصيل مناقشة مقترح دوري البلايستيشن: _حشد المميزين من ينابيع وبصائر عددهم 16 فرد على أن يحضر كل شاب منهم شابا آخر من خارج نطاق الدعوة _ حجز اربعة اجهزة بلايستيشن وشاشتين @احمد طاهر - الموعد رابع يوم العيد - عمل تصميم خاص بالدورة @محمد محي - ارسال فاعلية الدورة للشباب @محمد محي -بداية الموعد من السادسة عصرا - وضع لائحة الدورة والضيافة @محمد ايهاب -الجوائز تيشرتين كره @احمد حماده - التواص مع قطاع مسطرد لحضورهم @احمد حماده | AA29: 1- كورسات ودورات تعليمية وتدريبية @محي 2- تثقيف شباب الدعوة السياسي | AB29: 1- كورسات ودورات تعليمية وتدريبية @محي و أحمد حمادة: تم الاتفاق مع مدرس اللغة الإنجليزية عى موعد المحاضرات على أن تكون يوم الأربعاء من كل اسبوع الساعة الثامنةمساء (بداية من الأربعاء 24 يونيو) المستهدف: الشباب المحاضر: استاذ علاء أبو الدهب المحتوى: تأسيس في اللغة الإنجليزية 1- عمل بوستر للكورس @محي 2- آلية الحشد: أ- حشد مجموعات الشباب ب- إعلان ممول ج- عمل فورم @محمد إيهاب ------------------------------------------------------------------------ 2- تثقيف شباب الدعوة السياسي. @ محمد إيهاب 3- ملتقى صيفي في مكان عام (التخطيط للمستقبل والاستعداد لسوق العمل) @ محي
A30: الأسبوع الأول / ربيع الثاني - 1448 | B30: الكلمة الإفتتاحية | C30: تم
A31: الأسبوع الأول / ربيع الثاني - 1448 | B31: التفقد العلمي | C31: لم يتم
A32: الأسبوع الأول / ربيع الثاني - 1448 | B32: تسجيل الإقتراحات | C32: لم يتم
A33: الأسبوع الأول / ربيع الثاني - 1448 | B33: متابعة التكليفات | C33: تم
A34: الأسبوع الأول / ربيع الثاني - 1448 | B34: الخطة | C34: تم | D34: يسيشسبيسب
A35: الأسبوع الأول / ربيع الثاني - 1448 | B35: متابعة شغل الأرض | C35: تم | D35: يسبسيبسيب
A36: الأسبوع الأول / ربيع الثاني - 1448 | B36: أنشطة مجتمعية | C36: تم
A37: الأسبوع الأول / ربيع الثاني - 1448 | B37: اقتراحات قديمة | C37: تم
A38: الأسبوع الأول / ربيع الثاني - 1448 | B38: اقتراحات جديدة | C38: تم

Sheet بنود الفنيين
G3: التكليفات | H3: الأسبوع الرابع / رجب - 1447 | I3: الأسبوع الأول / شعبان - 1447 | J3: الأسبوع الثاني / شعبان - 1447 | K3: الأسبوع الثالث / شعبان - 1447 | L3: الأسبوع الرابع / شعبان - 1447 | M3: الأسبوع الأول / رمضان - 1447 | N3: الأسبوع الثاني / رمضان - 1447 | O3: الأسبوع الثالث / رمضان - 1447 | P3: الأسبوع الرابع / رمضان - 1447 | Q3: الأسبوع الأول / شوال - 1447 | R3: الأسبوع الثاني / شوال - 1447 | S3: الأسبوع الثالث / شوال - 1447 | T3: الأسبوع الرابع / شوال - 1447 | U3: الأسبوع الخامس / شوال - 1447 | V3: الأسبوع الأول / ذو القعدة - 1447 | W3: الأسبوع الثاني / ذو القعدة - 1447 | X3: الأسبوع الثالث / ذو القعدة - 1447 | Y3: الأسبوع الرابع / ذو القعدة - 1447 | Z3: الأسبوع الأول / ذو الحجة - 1447 | AA3: الأسبوع الثاني / ذو الحجة - 1447 | AB3: الأسبوع الثالث / ذو الحجة - 1447 | AC3: الأسبوع الرابع / ذو الحجة - 1447 | AD3: الأسبوع الأول / محرم - 1448 | AE3: الأسبوع الثاني / محرم - 1448 | AF3: الأسبوع الثالث / محرم - 1448 | AG3: الأسبوع الرابع / محرم - 1448 | AH3: الأسبوع الأول / صفر - 1448 | AI3: الأسبوع الثاني / صفر - 1448 | AJ3: الأسبوع الثالث / صفر - 1448 | AK3: الأسبوع الرابع / صفر - 1448 | AL3: الأسبوع الأول / ربيع الأول - 1448 | AM3: الأسبوع الثاني / ربيع الأول - 1448 | AN3: الأسبوع الثالث / ربيع الأول - 1448 | AO3: الأسبوع الرابع / ربيع الأول - 1448 | AP3: الأسبوع الخامس / ربيع الأول - 1448 | AQ3: الأسبوع الأول / ربيع الثاني - 1448 | AR3: الأسبوع الثاني / ربيع الثاني - 1448 | AS3: الأسبوع الثالث / ربيع الثاني - 1448 | AT3: الأسبوع الرابع / ربيع الثاني - 1448 | AU3: الأسبوع الأول / جمادى الأولى - 1448 | AV3: الأسبوع الثاني / جمادى الأولى - 1448 | AW3: الأسبوع الثالث / جمادى الأولى - 1448 | AX3: الأسبوع الرابع / جمادى الأولى - 1448 | AY3: الأسبوع الأول / جمادى الثانية - 1448 | AZ3: الأسبوع الثاني / جمادى الثانية - 1448 | BA3: الأسبوع الثالث / جمادى الثانية - 1448 | BB3: الأسبوع الرابع / جمادى الثانية - 1448 | BC3: الأسبوع الأول / رجب - 1448 | BD3: الأسبوع الثاني / رجب - 1448 | BE3: الأسبوع الثالث / رجب - 1448 | BF3: الأسبوع الرابع / رجب - 1448 | BG3: الأسبوع الخامس / رجب - 1448 | BH3: الأسبوع الأول / شعبان - 1448 | BI3: الأسبوع الأول / شعبان - 14482
C4: الحزب 15 دقيقة | D4: الإجتماع | F4: تم/لم يتم | G4: =IFERROR(COUNTIF([1]!Table2[[#This Row],[الأسبوع الأول / شعبان - 1447]:[الأسبوع الأول / شعبان - 14482]],"تم")/COUNTA([1]!Table2[[#This Row],[الأسبوع الأول / شعبان - 1447]:[الأسبوع الأول / شعبان - 14482]]),"") | I4: تم | K4: تم | L4: تم | S4: تم | T4: لم يتم | U4: تم | V4: تم | X4: تم | Y4: تم | Z4: تم | AA4: تم | AC4: تم | AD4: تم
F5: فاعلية التكليفات | G5: =IFERROR(AVERAGE([1]!Table2[[#This Row],[الأسبوع الأول / شعبان - 1447]:[الأسبوع الأول / شعبان - 14482]]),"") | K5: لا يوجد | U5: تم | V5: تم | X5: 0.9 | Y5: 0.67 | Z5: 1 | AA5: 1 | AC5: 0.7 | AD5: 1
D6: الإطلاع على المحضر | G6: =IFERROR(COUNTIF([1]!Table2[[#This Row],[الأسبوع الأول / شعبان - 1447]:[الأسبوع الأول / شعبان - 14482]],"تم")/COUNTA([1]!Table2[[#This Row],[الأسبوع الأول / شعبان - 1447]:[الأسبوع الأول / شعبان - 14482]]),"") | U6: تم | V6: تم | X6: تم | Y6: تم | Z6: تم | AA6: تم | AC6: تم | AD6: تم
D7: متابعة السكرتير | G7: =IFERROR(COUNTIF([1]!Table2[[#This Row],[الأسبوع الأول / شعبان - 1447]:[الأسبوع الأول / شعبان - 14482]],"تم")/COUNTA([1]!Table2[[#This Row],[الأسبوع الأول / شعبان - 1447]:[الأسبوع الأول / شعبان - 14482]]),"") | U7: تم | V7: تم | X7: تم | Y7: تم | Z7: تم | AA7: تم | AC7: تم | AD7: تم
D8: الكلمة الإفتتاحية (إيمانية) 10د | G8: =IFERROR(COUNTIF([1]!Table2[[#This Row],[الأسبوع الأول / شعبان - 1447]:[الأسبوع الأول / شعبان - 14482]],"تم")/COUNTA([1]!Table2[[#This Row],[الأسبوع الأول / شعبان - 1447]:[الأسبوع الأول / شعبان - 14482]]),"") | K8: تم | U8: تم | V8: تم | X8: تم | Y8: لم يتم | Z8: تم | AA8: تم | AC8: تم | AD8: تم
D9: التفقد العلمي للأعضاء (مذاكرة - حضور) | G9: =IFERROR(COUNTIF([1]!Table2[[#This Row],[الأسبوع الأول / شعبان - 1447]:[الأسبوع الأول / شعبان - 14482]],"تم")/COUNTA([1]!Table2[[#This Row],[الأسبوع الأول / شعبان - 1447]:[الأسبوع الأول / شعبان - 14482]]),"") | K9: تم | U9: تم | V9: تم | X9: تم | Y9: تم | Z9: تم | AA9: تم | AC9: تم | AD9: تم
D10: تسجيل الإقتراحات 5د | G10: =IFERROR(COUNTIF([1]!Table2[[#This Row],[الأسبوع الأول / شعبان - 1447]:[الأسبوع الأول / شعبان - 14482]],"تم")/COUNTA([1]!Table2[[#This Row],[الأسبوع الأول / شعبان - 1447]:[الأسبوع الأول / شعبان - 14482]]),"") | K10: تم | U10: تم | V10: تم | X10: تم | Y10: تم | Z10: تم | AA10: تم | AC10: تم | AD10: تم
D11: متابعة التكليفات 10د | G11: =IFERROR(COUNTIF([1]!Table2[[#This Row],[الأسبوع الأول / شعبان - 1447]:[الأسبوع الأول / شعبان - 14482]],"تم")/COUNTA([1]!Table2[[#This Row],[الأسبوع الأول / شعبان - 1447]:[الأسبوع الأول / شعبان - 14482]]),"") | K11: تم | U11: تم | V11: تم | X11: تم | Y11: تم | Z11: تم | AA11: تم | AC11: تم | AD11: تم
D12: الخطة 10د | G12: =IFERROR(COUNTIF([1]!Table2[[#This Row],[الأسبوع الأول / شعبان - 1447]:[الأسبوع الأول / شعبان - 14482]],"تم")/COUNTA([1]!Table2[[#This Row],[الأسبوع الأول / شعبان - 1447]:[الأسبوع الأول / شعبان - 14482]]),"") | K12: تم | U12: تم | V12: تم | X12: تم | Y12: تم | Z12: تم | AA12: تم | AC12: تم | AD12: تم
D13: متابعة شغل الأرض 10د | G13: =IFERROR(COUNTIF([1]!Table2[[#This Row],[الأسبوع الأول / شعبان - 1447]:[الأسبوع الأول / شعبان - 14482]],"تم")/COUNTA([1]!Table2[[#This Row],[الأسبوع الأول / شعبان - 1447]:[الأسبوع الأول / شعبان - 14482]]),"") | K13: تم | U13: تم | V13: تم | X13: تم | Y13: لم يتم | Z13: تم | AA13: تم | AC13: تم
D14: جولات شهرية | G14: =IFERROR(COUNTIF([1]!Table2[[#This Row],[الأسبوع الأول / شعبان - 1447]:[الأسبوع الأول / شعبان - 14482]],"تم")/COUNTA([1]!Table2[[#This Row],[الأسبوع الأول / شعبان - 1447]:[الأسبوع الأول / شعبان - 14482]]),"") | K14: تم | U14: لم يتم | V14: لم يتم | AA14: تم | AC14: تم
D15: أنشطة مجتمعية (زيارات - دورات- مراجعة نهائية - قوافل طبية - معارض) | G15: =IFERROR(COUNTIF([1]!Table2[[#This Row],[الأسبوع الأول / شعبان - 1447]:[الأسبوع الأول / شعبان - 14482]],"تم")/COUNTA([1]!Table2[[#This Row],[الأسبوع الأول / شعبان - 1447]:[الأسبوع الأول / شعبان - 14482]]),"") | K15: لم يتم | X15: تم | Y15: تم | Z15: تم | AA15: تم | AC15: تم | AD15: تم
D16: مناقشة الإقتراحات القديمة 10د | G16: =IFERROR(COUNTIF([1]!Table2[[#This Row],[الأسبوع الأول / شعبان - 1447]:[الأسبوع الأول / شعبان - 14482]],"تم")/COUNTA([1]!Table2[[#This Row],[الأسبوع الأول / شعبان - 1447]:[الأسبوع الأول / شعبان - 14482]]),"") | K16: لم يتم | U16: تم | V16: تم | X16: تم | Y16: تم | Z16: تم | AD16: تم
D17: مناقشة الإقتراحات الجديدة 10د | G17: =IFERROR(COUNTIF([1]!Table2[[#This Row],[الأسبوع الأول / شعبان - 1447]:[الأسبوع الأول / شعبان - 14482]],"تم")/COUNTA([1]!Table2[[#This Row],[الأسبوع الأول / شعبان - 1447]:[الأسبوع الأول / شعبان - 14482]]),"") | K17: تم | U17: تم | V17: لم يتم | X17: لم يتم | Y17: لم يتم | Z17: تم | AA17: تم | AC17: تم | AD17: تم
A18: الإطلاع على المحضر | B18: لم يتم
A19: متابعة السكرتير | B19: لم يتم
A20: الكلمة الإفتتاحية | B20: لم يتم
A21: التفقد العلمي | B21: تم
A22: تسجيل الإقتراحات | B22: تم
A23: متابعة التكليفات | B23: تم
A24: الخطة | B24: لم يتم
A25: متابعة شغل الأرض | B25: لم يتم
A26: جولات | B26: لم يتم
A27: أنشطة مجتمعية | B27: لم يتم
A28: اقتراحات قديمة | B28: لم يتم
A29: اقتراحات جديدة | B29: لم يتم

Sheet تكلــــــيفــــــــــات
B2: الأسبوع | C2: التكليف | D2: مسئول التنفيذ | E2: حالة التنفيذ | G2: المسؤول | H2: عدد التكليفات | I2: % التكليفات | J2: التكليفات
B3: الأسبوع الخامس / شوال - 1447 | C3: عمل جروب مع رؤوس القطاعات لتنظيم عمل الجولات | D3: يوسف محمد | E3: تم | G3: ='محضــــــــــــر الجلســــــــة'!C4 | H3: =IFERROR(COUNTIF(Table2[مسئول التنفيذ],G3),"") | I3: =IFERROR(COUNTIFS(D:D,G3,E:E,"=تم")/(COUNTIFS(D:D,G3,E:E,"=تم")+COUNTIFS(D:D,G3,E:E,"=تجديد")+COUNTIFS(D:D,G3,E:E,"=إلغاء")),"") | J3: =IFERROR(COUNTIFS(D:D,Table3[[#This Row],[المسؤول]],E:E,"=تم")/(COUNTA(D3:D999982)),"")
B4: الأسبوع الخامس / شوال - 1447 | C4: فهم كيفية عمل الجولات لرؤوس القطاعات | D4: محمد إيهاب | E4: تم | G4: ='محضــــــــــــر الجلســــــــة'!C5 | H4: =IFERROR(COUNTIF(Table2[مسئول التنفيذ],G4),"") | I4: =IFERROR(COUNTIFS(D:D,G4,E:E,"=تم")/(COUNTIFS(D:D,G4,E:E,"=تم")+COUNTIFS(D:D,G4,E:E,"=تجديد")+COUNTIFS(D:D,G4,E:E,"=إلغاء")),"") | J4: =IFERROR(COUNTIFS(D:D,Table3[[#This Row],[المسؤول]],E:E,"=تم")/(COUNTA(D4:D999983)),"")
B5: الأسبوع الخامس / شوال - 1447 | C5: آدم يتابع الشابوري والوحدة في نزول الجولات يوم الاحد والاثنين والثلاثاء والاربعاء | D5: آدم | E5: تم | G5: ='محضــــــــــــر الجلســــــــة'!C6 | H5: =IFERROR(COUNTIF(Table2[مسئول التنفيذ],G5),"") | I5: =IFERROR(COUNTIFS(D:D,G5,E:E,"=تم")/(COUNTIFS(D:D,G5,E:E,"=تم")+COUNTIFS(D:D,G5,E:E,"=تجديد")+COUNTIFS(D:D,G5,E:E,"=إلغاء")),"") | J5: =IFERROR(COUNTIFS(D:D,Table3[[#This Row],[المسؤول]],E:E,"=تم")/(COUNTA(D5:D999984)),"")
B6: الأسبوع الخامس / شوال - 1447 | C6: محمد ايهاب يتابع سيد علي وأحمد حمادة في نزول الجولات | D6: محمد إيهاب | E6: تم | G6: ='محضــــــــــــر الجلســــــــة'!C7 | H6: =IFERROR(COUNTIF(Table2[مسئول التنفيذ],G6),"") | I6: =IFERROR(COUNTIFS(D:D,G6,E:E,"=تم")/(COUNTIFS(D:D,G6,E:E,"=تم")+COUNTIFS(D:D,G6,E:E,"=تجديد")+COUNTIFS(D:D,G6,E:E,"=إلغاء")),"") | J6: =IFERROR(COUNTIFS(D:D,Table3[[#This Row],[المسؤول]],E:E,"=تم")/(COUNTA(D6:D999985)),"")
B7: الأسبوع الخامس / شوال - 1447 | C7: آدم يكلم ش محمود خير الله لشرق وغرب وحي شبرا الخيمة يوم الاثنين بعد القادم | D7: آدم | E7: تم | G7: ='محضــــــــــــر الجلســــــــة'!C8 | H7: =IFERROR(COUNTIF(Table2[مسئول التنفيذ],G7),"") | I7: =IFERROR(COUNTIFS(D:D,G7,E:E,"=تم")/(COUNTIFS(D:D,G7,E:E,"=تم")+COUNTIFS(D:D,G7,E:E,"=تجديد")+COUNTIFS(D:D,G7,E:E,"=إلغاء")),"") | J7: =IFERROR(COUNTIFS(D:D,Table3[[#This Row],[المسؤول]],E:E,"=تم")/(COUNTA(D7:D999986)),"")
G8: ='محضــــــــــــر الجلســــــــة'!C9 | H8: =IFERROR(COUNTIF(Table2[مسئول التنفيذ],G8),"") | I8: =IFERROR(COUNTIFS(D:D,G8,E:E,"=تم")/(COUNTIFS(D:D,G8,E:E,"=تم")+COUNTIFS(D:D,G8,E:E,"=تجديد")+COUNTIFS(D:D,G8,E:E,"=إلغاء")),"") | J8: =IFERROR(COUNTIFS(D:D,Table3[[#This Row],[المسؤول]],E:E,"=تم")/(COUNTA(D8:D999987)),"")
B9: الأسبوع الأول / ذو القعدة - 1447 | C9: محمد ايهاب يكلم ش مجدي لتنظيم فاعلية لكل القطاعات العاملين واللي ينزل الجولات | D9: محمد إيهاب | E9: تم | G9: ='محضــــــــــــر الجلســــــــة'!C10 | H9: =IFERROR(COUNTIF(Table2[مسئول التنفيذ],G9),"") | I9: =IFERROR(COUNTIFS(D:D,G9,E:E,"=تم")/(COUNTIFS(D:D,G9,E:E,"=تم")+COUNTIFS(D:D,G9,E:E,"=تجديد")+COUNTIFS(D:D,G9,E:E,"=إلغاء")),"") | J9: =IFERROR(COUNTIFS(D:D,Table3[[#This Row],[المسؤول]],E:E,"=تم")/(COUNTA(D9:D999988)),"")
B10: الأسبوع الأول / ذو القعدة - 1447 | C10: احمد طاهر يكلم قطاع مسطرد وبهتيم لنزول الجولات ويحصر عدد ١٠ من القطاع لفاعلية الجولات التي ستتم | D10: أحمد طاهر | E10: إلغاء | G10: الإجمالي | H10: =SUBTOTAL(109,H7:H11) | I10: =IFERROR(COUNTIF(Table2[حالة التنفيذ],"تم")/COUNTA(Table2[حالة التنفيذ]),"") | J10: =IFERROR(COUNTIF(Table2[حالة التنفيذ],"تم")/COUNTA(Table2[حالة التنفيذ]),"")
B11: الأسبوع الأول / ذو القعدة - 1447 | C11: ادم المرسي يكلم الشابوري والوحدة لنزول الجولات ويحصر ١٠ اسماء من القطاع لحضور فاعلية الجولات | D11: آدم | E11: إلغاء
B12: الأسبوع الأول / ذو القعدة - 1447 | C12: محمد محيي يكلم قطاع بيجام ويحصرو١٠ اسماء لحضور فاعلية الجولات | E12: إلغاء
B13: الأسبوع الأول / ذو القعدة - 1447 | C13: يوسف محمد يكلم قطاع الوحدة ويحصر ١٠ اسماء لحضور فاعلية شرح الجولات | D13: يوسف محمد | E13: إلغاء
B14: الأسبوع الأول / ذو القعدة - 1447 | C14: تجهيز درع باسم الحزب لتقديمه لرئيس الحي واستلامه ١٨ ابريل لزيارة 20 ابريل | D14: محمد محي | E14: تم
B15: الأسبوع الأول / ذو القعدة - 1447 | C15: شراء علبة شيكولاته واستلامها يوم ١٨ ابريل لنزول الزيارة 20 ابريل | D15: محمد محي | E15: تم
B16: الأسبوع الأول / ذو القعدة - 1447 | C16: التواصل مع حسن يوسف للاتفاق على فاعلية الاسعافات الأولية للنساء. | D16: محمد إيهاب | E16: تم
B17: الأسبوع الأول / ذو القعدة - 1447 | C17: التواصل مع لجنة الشباب لحصر أسماء الشباب المستهدف لنزول الجولات من كل قطاع | D17: يوسف محمد | E17: تم
B18: الأسبوع الأول / ذو القعدة - 1447 | C18: جلسة بين محمد إيهاب وأدهم محمد و رضا صلاح (قطاع بهتيم) و الاتفاق على القيام بجولة دعوية | D18: محمد إيهاب | E18: تم
B19: الأسبوع الأول / ذو القعدة - 1447 | C19: التواصل مع الشيخ محمد شعبان للحصول على ايميل وباسوورد صفحة الحزب لبدء تفعيلها | D19: يوسف محمد | E19: تم
B20: الأسبوع الأول / ذو القعدة - 1447 | C20: التواصل مع الشيخ اسامة عرفة للوقوف على الموقف الأمني من عمل فاعلية الانتحار في قاعة مناسبات | D20: محمد محي | E20: تم
B21: الأسبوع الأول / ذو القعدة - 1447 | C21: التواصل مع الشيخ اسامة عرفة للوقوف على الموقف الأمني من عمل فاعلية الانتحار في قاعة مناسبات | D21: محمد إيهاب | E21: تم
B22: الأسبوع الأول / ذو القعدة - 1447 | C22: التواصل مع طبيبة لمحاضرة الإسعافات الأولية للنساء | D22: يوسف محمد | E22: تجديد
B24: الأسبوع الثاني / ذو القعدة - 1447 | C24: عمل جروب للجنة الإعلامية يضم رؤساء اللجان | D24: محمد محي | E24: تم
B25: الأسبوع الثاني / ذو القعدة - 1447 | C25: انشاء صفحة جديدة للحزب | D25: محمد محي | E25: تم
... B62: الأسبوع الرابع / ذو الحجة - 1447 | C62: التواصل مع د أحمد حمدي لمعرفة إمكانية إحضار د أحمد حمدي | D62: محمد إيهاب | E62: تم
B63: الأسبوع الرابع / ذو الحجة - 1447 | C63: معرفة اسم مدير مكتبة شبرا في مسطرد و المعاد المناسب لزيارة المكتبة بشكل رسمي | D63: آدم
B64: الأسبوع الرابع / ذو الحجة - 1447 | C64: رفع واقع الجولات للفنيين | D64: محمد إيهاب
B65: الأسبوع الرابع / ذو الحجة - 1447 | C65: عمل بوستر لكورس اللغة الإنجليزية | D65: محمد محي
B66: الأسبوع الرابع / ذو الحجة - 1448 | C66: عمل فورم تسجيل أونلاين في كورس اللغة الإنجليزية | D66: محمد إيهاب
A1330: الأسبوع الأول / شوال - 1447 | B1330: صسشيشسبيشسثسشيبلسيليبلسثقفغ قغ قثا | C1330: آدم | D1330: تجديد

Sheet الخطة
A1: الهدف | B1: التشريح | C1: المهمة | D1: الشهر | E1: الأسبوع | F1: المراكز المشاركة | G1: الملف | H1: حالة التنفيذ | I1: نسبة تحقيق المستهدف إن وجد | J1: المخرج | K1: ملاحظات
A2: تحقيق الإنتشار الدعوي عبر الملفات | B2: أ | C2: عمل زيارة رسمية (تهنئة بعيد الأضحى ) | D2: 05 ذو الحجة - يونيو | E2: الأسبوع الرابع | F2: شبرا | G2: الحزب | H2: لم يتم | J2: انتشار مجتمعي | K2: تكرر مرة كل شهر
A3: تحقيق الإنتشار الدعوي عبر الملفات | B3: أ | C3: تنفيذ 6 جولات ميدانية شهريا ( جولة بكل قطاع ) | D3: 05 ذو الحجة - يونيو | E3: الأسبوع الرابع | F3: شبرا | G3: الحزب | H3: لم يتم | J3: انتشار مجتمعي | K3: تكرر مرة كل شهر
A4: تحقيق الإنتشار الدعوي عبر الملفات | B4: أ | C4: عمل مراجعات نهائية للشهادة الإعدادية | D4: 05 ذو الحجة - يونيو | E4: الأسبوع الرابع | F4: شبرا | G4: الحزب | H4: لم يتم | J4: انتشار مجتمعي
A5: تحقيق الإنتشار الدعوي عبر الملفات | B5: أ | C5: عمل مراجعات نهائية اون لاين للشهادة الإعدادية | D5: 05 ذو الحجة - يونيو | E5: الأسبوع الرابع | F5: شبرا | G5: الحزب | H5: لم يتم | J5: انتشار مجتمعي
A6: تحقيق الإنتشار الدعوي عبر الملفات | B6: أ | C6: توزيع هدايا في صلاة العيد بدون اسم الحزب خارج المصلى | D6: 05 ذو الحجة - يونيو | E6: الأسبوع الرابع | F6: شبرا | G6: الحزب | H6: تم | J6: انتشار مجتمعي
A7: تحقيق الإنتشار الدعوي عبر الملفات | B7: أ | C7: زيارة لمستشفى بعد صلاة العيد مباشرة وتوزيع هدايا للمرضى والعاملين بالمستشفى | D7: 05 ذو الحجة - يونيو | E7: الأسبوع الرابع | F7: شبرا | G7: الحزب | H7: لم يتم | J7: انتشار مجتمعي
A8: التحصين الفكري المستمر لجميع الإخوة والأخوات فيما يخص قضايا الدعوة المميزةِ والقضايا المستجدة | B8: أ | C8: عمل دورة اليوم الواحد عن العمل السياسي (صالون ثقافي لعموم الشباب) | D8: 06 محرم - يوليو | E8: الأسبوع الأول | F8: شبرا | G8: الحزب | J8: ملتقى علمي | K8: مرتين فى السنة
A9: تحقيق الإنتشار الدعوي عبر الملفات | B9: أ | C9: عمل مراجعات نهائية للثانوية العامة والازهرية | D9: 06 محرم - يوليو | E9: الأسبوع الرابع | F9: شبرا | G9: الحزب | J9: انتشار مجتمعي
A10: تحقيق الإنتشار الدعوي عبر الملفات | B10: أ | C10: عمل مراجعات نهائية اون لاين للثانوية العامة والازهرية | D10: 06 محرم - يوليو | E10: الأسبوع الرابع | F10: شبرا | G10: الحزب | J10: انتشار مجتمعي
A11: تحقيق الإنتشار الدعوي عبر الملفات | B11: أ | C11: عمل زيارة رسمية (تهنئة بالعام الهجري الجديد ) | D11: 06 محرم - يوليو | E11: الأسبوع الرابع | F11: شبرا | G11: الحزب | J11: انتشار مجتمعي | K11: تكرر مرة كل شهر
A12: تحقيق الإنتشار الدعوي عبر الملفات | B12: أ | C12: تنفيذ 6 جولات ميدانية شهريا ( جولة بكل قطاع ) | D12: 06 محرم - يوليو | E12: الأسبوع الرابع | F12: شبرا | G12: الحزب | J12: انتشار مجتمعي | K12: تكرر مرة كل شهر
A13: تحقيق الإنتشار الدعوي عبر الملفات | B13: أ | C13: تنسيق فاعلية اعرف كليتك | D13: 07 صفر - أغسطس | E13: الأسبوع الأول | F13: شبرا | G13: الحزب | J13: انتشار مجتمعي | K13: مرة واحدة فى السنة
A14: تحقيق الإنتشار الدعوي عبر الملفات | B14: أ | C14: تنسيق فاعلية اعرف كليتك | D14: 07 صفر - أغسطس | E14: الأسبوع الأول | F14: شبرا | G14: الحزب | J14: انتشار مجتمعي | K14: مرة واحدة فى السنة
A15: تحقيق الإنتشار الدعوي عبر الملفات | B15: أ | C15: تنفيذ 6 جولات ميدانية شهريا ( جولة بكل قطاع ) | D15: 07 صفر - أغسطس | E15: الأسبوع الرابع | F15: شبرا | G15: الحزب | J15: انتشار مجتمعي | K15: تكرر مرة كل شهر
A16: تحقيق الإنتشار الدعوي عبر الملفات | B16: أ | C16: جلسة مفتوحة لفريق عمل الحزب بالمركز | D16: 07 صفر - أغسطس | E16: الأسبوع الرابع | F16: شبرا | G16: الحزب | J16: انتشار مجتمعي
A17: تحقيق الإنتشار الدعوي عبر الملفات | B17: أ | C17: دورة تدريبية (تستهدف الرجال والنساء ) | D17: 07 صفر - أغسطس | E17: الأسبوع الرابع | F17: شبرا | G17: الحزب | J17: انتشار مجتمعي
A18: تحقيق الإنتشار الدعوي عبر الملفات | B18: أ | C18: اقامة معرض الادوات المدرسية | D18: 08 ربيع الأول - سبتمبر | E18: الأسبوع الأول | F18: شبرا | G18: الحزب | J18: انتشار مجتمعي | K18: مرة واحدة فى السنة
A19: تحقيق الإنتشار الدعوي عبر الملفات | B19: أ | C19: تنفيذ 6 جولات ميدانية شهريا ( جولة بكل قطاع ) | D19: 08 ربيع الأول - سبتمبر | E19: الأسبوع الرابع | F19: شبرا | G19: الحزب | J19: انتشار مجتمعي | K19: تكرر مرة كل شهر
A20: تحقيق الإنتشار الدعوي عبر الملفات | B20: أ | C20: ترتيب قافلة طبية | D20: 09 ربيع الثاني - اكتوبر | E20: الأسبوع الأول | F20: شبرا | G20: الحزب | J20: انتشار مجتمعي | K20: مرة واحدة فى السنة
A21: تحقيق الإنتشار الدعوي عبر الملفات | B21: أ | C21: عمل زيارة رسمية (تهنئة 6 أكتوبر) | D21: 09 ربيع الثاني - اكتوبر | E21: الأسبوع الرابع | F21: شبرا | G21: الحزب | J21: انتشار مجتمعي | K21: تكرر مرة كل شهر
A22: تحقيق الإنتشار الدعوي عبر الملفات | B22: أ | C22: تنفيذ 6 جولات ميدانية شهريا ( جولة بكل قطاع ) | D22: 09 ربيع الثاني - اكتوبر | E22: الأسبوع الرابع | F22: شبرا | G22: الحزب | J22: انتشار مجتمعي | K22: تكرر مرة كل شهر
A23: تحقيق الإنتشار الدعوي عبر الملفات | B23: أ | C23: دورة تدريبية ( إدارة الوقت ) تستهدف كل فئات الشباب | D23: 09 ربيع الثاني - اكتوبر | E23: الأسبوع الرابع | F23: شبرا | G23: الحزب | J23: انتشار مجتمعي
A24: تحقيق الإنتشار الدعوي عبر الملفات | B24: أ | C24: تنفيذ 6 جولات ميدانية شهريا ( جولة بكل قطاع ) | D24: 10 جمادى الأول - نوفمبر | E24: الأسبوع الرابع | F24: شبرا | G24: الحزب | J24: انتشار مجتمعي | K24: تكرر مرة كل شهر
A25: تحقيق الإنتشار الدعوي عبر الملفات | B25: أ | C25: إقامة معرض مفروشات وبطاطين بالمقر تستهدف الكتلة الصلبة ودوائر التاثير | D25: 10 جمادى الأول - نوفمبر | E25: الأسبوع الرابع | F25: شبرا | G25: الحزب | J25: انتشار مجتمعي
A26: التحصين الفكري المستمر لجميع الإخوة والأخوات فيما يخص قضايا الدعوة المميزةِ والقضايا المستجدة | B26: أ | C26: عمل دورة اليوم الواحد عن العمل السياسي (صالون ثقافي لعموم الشباب) | D26: 11 جمادى الثاني - ديسمبر | E26: الأسبوع الأول | F26: شبرا | G26: الحزب | J26: ملتقى علمي | K26: مرتين فى السنة
A27: تحقيق الإنتشار الدعوي عبر الملفات | B27: أ | C27: تنفيذ 6 جولات ميدانية شهريا ( جولة بكل قطاع ) | D27: 11 جمادى الثاني - ديسمبر | E27: الأسبوع الرابع | F27: شبرا | G27: الحزب | J27: انتشار مجتمعي | K27: تكرر مرة كل شهر
A28: تحقيق الإنتشار الدعوي عبر الملفات | B28: أ | C28: تنفيذ 6 جولات ميدانية شهريا ( جولة بكل قطاع ) | D28: 12 رجب - يناير | E28: الأسبوع الرابع | F28: شبرا | G28: الحزب | J28: انتشار مجتمعي | K28: تكرر مرة كل شهر
A29: تحقيق الإنتشار الدعوي عبر الملفات | B29: أ | C29: جلسة مفتوحة لفريق عمل الحزب بالمركز | D29: 12 رجب - يناير | E29: الأسبوع الرابع | F29: شبرا | G29: الحزب | J29: انتشار مجتمعي
A30: تحقيق الإنتشار الدعوي عبر الملفات | B30: أ | C30: ندوة بعنوان حصاد حزب النور خلال العام ورؤية العام القادم ( عرض ما تم في العام السابق والخطة الجديدة )تستهدف فريق عمل الحزب + الكتلة الصلبة نساء ورجال | D30: 12 رجب - يناير | E30: الأسبوع الرابع | F30: شبرا | G30: الحزب | J30: ملتقى علمي
